{"cameraMode":{"drawMode":0,"name":"Shaded","section":"Shading Mode"},"sceneLighting":true,"audioPlay":false,"sceneViewState":{"m_AlwaysRefresh":false,"showFog":true,"showSkybox":true,"showFlares":true,"showImageEffects":true,"showParticleSystems":true,"showVisualEffectGraphs":true,"m_FxEnabled":true},"in2DMode":false,"pivot":{"x":-55.03667068481445,"y":0.7351691722869873,"z":-24.411151885986329},"rotation":{"x":0.0015071154339239002,"y":-0.9884369969367981,"z":0.00593985803425312,"w":0.15337839722633363},"size":16.638896942138673,"orthographic":false}