{"cameraMode":{"drawMode":0,"name":"Shaded","section":"Shading Mode"},"sceneLighting":true,"audioPlay":false,"sceneViewState":{"m_AlwaysRefresh":false,"showFog":true,"showSkybox":true,"showFlares":true,"showImageEffects":true,"showParticleSystems":true,"showVisualEffectGraphs":true,"m_FxEnabled":true},"in2DMode":false,"pivot":{"x":-51.87350082397461,"y":8.286755561828614,"z":-109.48035430908203},"rotation":{"x":-0.0032509861048310997,"y":0.9977871775627136,"z":-0.022436337545514108,"w":-0.06710262596607208},"size":35.75569534301758,"orthographic":false}